dataset,error_message
008301,Loading /autofs/space/transcend/MEG/AttenVis/008301/visit_20220531/008301_AttenVis_run01_behaviour.mat
008301,No missing values in RT
008301,Loading /autofs/space/transcend/MEG/AttenVis/008301/visit_20220531/008301_AttenVis_run02_behaviour.mat
008301,No missing values in RT
008301,Loading /autofs/space/transcend/MEG/AttenVis/008301/visit_20220531/008301_AttenVis_run03_behaviour.mat
008301,No missing values in RT
009901,Loading /autofs/space/transcend/MEG/AttenVis/009901/visit_20190515/009901_AttenVis_run01_behaviour.mat
009901,No missing values in RT
009901,Loading /autofs/space/transcend/MEG/AttenVis/009901/visit_20190515/009901_AttenVis_run02_behaviour.mat
009901,No missing values in RT
009901,Loading /autofs/space/transcend/MEG/AttenVis/009901/visit_20190515/009901_AttenVis_run03_behaviour.mat
009901,No missing values in RT
011201,Loading /autofs/space/transcend/MEG/AttenVis/011201/visit_20200227/011201_AttenVis_run01_behaviour.mat
011201,No missing values in RT
011201,Loading /autofs/space/transcend/MEG/AttenVis/011201/visit_20200227/011201_AttenVis_run02_behaviour.mat
011201,No missing values in RT
011201,Loading /autofs/space/transcend/MEG/AttenVis/011201/visit_20200227/011201_AttenVis_run03_behaviour.mat
011201,No missing values in RT
011301,Loading /autofs/space/transcend/MEG/AttenVis/011301/visit_20210421/011301_AttenVis_run01_behaviour.mat
011301,No missing values in RT
011301,Loading /autofs/space/transcend/MEG/AttenVis/011301/visit_20210421/011301_AttenVis_run02_behaviour.mat
011301,No missing values in RT
011301,Loading /autofs/space/transcend/MEG/AttenVis/011301/visit_20210421/011301_AttenVis_run03_behaviour.mat
011301,No missing values in RT
011302,Loading /autofs/space/transcend/MEG/AttenVis/011302/visit_20210117/011302_AttenVis_run01_behaviour.mat
011302,No missing values in RT
011302,Loading /autofs/space/transcend/MEG/AttenVis/011302/visit_20210117/011302_AttenVis_run02_behaviour.mat
011302,No missing values in RT
011302,Loading /autofs/space/transcend/MEG/AttenVis/011302/visit_20210117/011302_AttenVis_run03_behaviour.mat
011302,No missing values in RT
013703,Loading /autofs/space/transcend/MEG/AttenVis/013703/visit_20210120/013703_AttenVis_run01_behaviour.mat
013703,No missing values in RT
013703,Loading /autofs/space/transcend/MEG/AttenVis/013703/visit_20210120/013703_AttenVis_run02_behaviour.mat
013703,No missing values in RT
013703,Loading /autofs/space/transcend/MEG/AttenVis/013703/visit_20210120/013703_AttenVis_run03_behaviour.mat
013703,No missing values in RT
017702,Loading /autofs/space/transcend/MEG/AttenVis/017702/visit_20220210/017702_AttenVis_run01_behaviour.mat
017702,No missing values in RT
017702,Loading /autofs/space/transcend/MEG/AttenVis/017702/visit_20220210/017702_AttenVis_run02_behaviour.mat
017702,No missing values in RT
017702,Loading /autofs/space/transcend/MEG/AttenVis/017702/visit_20220210/017702_AttenVis_run03_behaviour.mat
017702,No missing values in RT
030801,Loading /autofs/space/transcend/MEG/AttenVis/030801/visit_20200908/030801_AttenVis_run01_behaviour.mat
030801,No missing values in RT
030801,Loading /autofs/space/transcend/MEG/AttenVis/030801/visit_20200908/030801_AttenVis_run02_behaviour.mat
030801,No missing values in RT
030801,Loading /autofs/space/transcend/MEG/AttenVis/030801/visit_20200908/030801_AttenVis_run03_behaviour.mat
030801,No missing values in RT
032901,Loading /autofs/space/transcend/MEG/AttenVis/032901/visit_20200807/032901_AttenVis_run01_behaviour.mat
032901,No missing values in RT
032901,Loading /autofs/space/transcend/MEG/AttenVis/032901/visit_20200807/032901_AttenVis_run02_behaviour.mat
032901,No missing values in RT
032901,Loading /autofs/space/transcend/MEG/AttenVis/032901/visit_20200807/032901_AttenVis_run03_behaviour.mat
032901,No missing values in RT
042203,Loading /autofs/space/transcend/MEG/AttenVis/042203/visit_20240523/042203_AttenVis_run01_behaviour.mat
042203,No missing values in RT
042203,Loading /autofs/space/transcend/MEG/AttenVis/042203/visit_20240523/042203_AttenVis_run02_behaviour.mat
042203,No missing values in RT
042203,Loading /autofs/space/transcend/MEG/AttenVis/042203/visit_20240523/042203_AttenVis_run03_behaviour.mat
042203,No missing values in RT
057101,Loading /autofs/space/transcend/MEG/AttenVis/057101/visit_20190615/057101_AttenVis_run01_behaviour.mat
057101,No missing values in RT
057101,Loading /autofs/space/transcend/MEG/AttenVis/057101/visit_20190615/057101_AttenVis_run02_behaviour.mat
057101,No missing values in RT
057101,Loading /autofs/space/transcend/MEG/AttenVis/057101/visit_20190615/057101_AttenVis_run03_behaviour.mat
057101,No missing values in RT
073701,Loading /autofs/space/transcend/MEG/AttenVis/073701/visit_20210818/073701_AttenVis_run01_behaviour.mat
073701,No missing values in RT
073701,Loading /autofs/space/transcend/MEG/AttenVis/073701/visit_20210818/073701_AttenVis_run02_behaviour.mat
073701,No missing values in RT
073701,Loading /autofs/space/transcend/MEG/AttenVis/073701/visit_20210818/073701_AttenVis_run03_behaviour.mat
073701,No missing values in RT
075801,Loading /autofs/space/transcend/MEG/AttenVis/075801/visit_20230311/075801_AttenVis_run01_behaviour.mat
075801,No missing values in RT
075801,Loading /autofs/space/transcend/MEG/AttenVis/075801/visit_20230311/075801_AttenVis_run02_behaviour.mat
075801,No missing values in RT
075801,Loading /autofs/space/transcend/MEG/AttenVis/075801/visit_20230311/075801_AttenVis_run03_behaviour.mat
075801,"    event_name  condition  response first_condition first_response Condition difficulty  RT  correct
125     target        NaN     0.154                           left                 None NaN      1.0"
082901,Loading /autofs/space/transcend/MEG/AttenVis/082901/visit_20210313/082901_AttenVis_run01_behaviour.mat
082901,No missing values in RT
082901,Loading /autofs/space/transcend/MEG/AttenVis/082901/visit_20210313/082901_AttenVis_run02_behaviour.mat
082901,No missing values in RT
082901,Loading /autofs/space/transcend/MEG/AttenVis/082901/visit_20210313/082901_AttenVis_run03_behaviour.mat
082901,No missing values in RT
085601,Loading /autofs/space/transcend/MEG/AttenVis/085601/visit_20211002/085601_AttenVis_run01_behaviour.mat
085601,No missing values in RT
085601,Loading /autofs/space/transcend/MEG/AttenVis/085601/visit_20211002/085601_AttenVis_run02_behaviour.mat
085601,No missing values in RT
085601,Loading /autofs/space/transcend/MEG/AttenVis/085601/visit_20211002/085601_AttenVis_run03_behaviour.mat
085601,No missing values in RT
085701,Loading /autofs/space/transcend/MEG/AttenVis/085701/visit_20220324/085701_AttenVis_run01_behaviour.mat
085701,No missing values in RT
085701,Loading /autofs/space/transcend/MEG/AttenVis/085701/visit_20220324/085701_AttenVis_run02_behaviour.mat
085701,No missing values in RT
085701,Loading /autofs/space/transcend/MEG/AttenVis/085701/visit_20220324/085701_AttenVis_run03_behaviour.mat
085701,No missing values in RT
085702,Loading /autofs/space/transcend/MEG/AttenVis/085702/visit_20220809/085702_AttenVis_run01_behaviour.mat
085702,No missing values in RT
085702,Loading /autofs/space/transcend/MEG/AttenVis/085702/visit_20220809/085702_AttenVis_run02_behaviour.mat
085702,No missing values in RT
085702,Loading /autofs/space/transcend/MEG/AttenVis/085702/visit_20220809/085702_AttenVis_run03_behaviour.mat
085702,No missing values in RT
086401,Loading /autofs/space/transcend/MEG/AttenVis/086401/visit_20210609/086401_AttenVis_run01_behaviour.mat
086401,No missing values in RT
086401,Loading /autofs/space/transcend/MEG/AttenVis/086401/visit_20210609/086401_AttenVis_run02_behaviour.mat
086401,No missing values in RT
086401,Loading /autofs/space/transcend/MEG/AttenVis/086401/visit_20210609/086401_AttenVis_run03_behaviour.mat
086401,No missing values in RT
086901,Loading /autofs/space/transcend/MEG/AttenVis/086901/visit_20211104/086901_AttenVis_run01_behaviour.mat
086901,No missing values in RT
086901,Loading /autofs/space/transcend/MEG/AttenVis/086901/visit_20211104/086901_AttenVis_run02_behaviour.mat
086901,No missing values in RT
086901,Loading /autofs/space/transcend/MEG/AttenVis/086901/visit_20211104/086901_AttenVis_run03_behaviour.mat
086901,No missing values in RT
089201,Loading /autofs/space/transcend/MEG/AttenVis/089201/visit_20200305/089201_AttenVis_run01_behaviour.mat
089201,No missing values in RT
089201,Loading /autofs/space/transcend/MEG/AttenVis/089201/visit_20200305/089201_AttenVis_run02_behaviour.mat
089201,No missing values in RT
089201,Loading /autofs/space/transcend/MEG/AttenVis/089201/visit_20200305/089201_AttenVis_run03_behaviour.mat
089201,No missing values in RT
089901,Loading /autofs/space/transcend/MEG/AttenVis/089901/visit_20220812/089901_AttenVis_run01_behaviour.mat
089901,No missing values in RT
089901,Loading /autofs/space/transcend/MEG/AttenVis/089901/visit_20220812/089901_AttenVis_run02_behaviour.mat
089901,No missing values in RT
089901,Loading /autofs/space/transcend/MEG/AttenVis/089901/visit_20220812/089901_AttenVis_run03_behaviour.mat
089901,No missing values in RT
093101,Loading /autofs/space/transcend/MEG/AttenVis/093101/visit_20201127/093101_AttenVis_run01_behaviour.mat
093101,No missing values in RT
093101,Loading /autofs/space/transcend/MEG/AttenVis/093101/visit_20201127/093101_AttenVis_run02_behaviour.mat
093101,No missing values in RT
093101,Loading /autofs/space/transcend/MEG/AttenVis/093101/visit_20201127/093101_AttenVis_run03_behaviour.mat
093101,No missing values in RT
097201,Loading /autofs/space/transcend/MEG/AttenVis/097201/visit_20211118/097201_AttenVis_run01_behaviour.mat
097201,No missing values in RT
097201,Loading /autofs/space/transcend/MEG/AttenVis/097201/visit_20211118/097201_AttenVis_run02_behaviour.mat
097201,No missing values in RT
097201,Loading /autofs/space/transcend/MEG/AttenVis/097201/visit_20211118/097201_AttenVis_run03_behaviour.mat
097201,No missing values in RT
097901,Loading /autofs/space/transcend/MEG/AttenVis/097901/visit_20200129/097901_AttenVis_run01_behaviour.mat
097901,No missing values in RT
097901,Loading /autofs/space/transcend/MEG/AttenVis/097901/visit_20200129/097901_AttenVis_run02_behaviour.mat
097901,No missing values in RT
097901,Loading /autofs/space/transcend/MEG/AttenVis/097901/visit_20200129/097901_AttenVis_run03_behaviour.mat
097901,No missing values in RT
098101,Loading /autofs/space/transcend/MEG/AttenVis/098101/visit_20200229/098101_AttenVis_run01_behaviour.mat
098101,"    event_name  condition  response first_condition first_response Condition difficulty  RT  correct
165     target      0.816       NaN       search/10                   search         10 NaN      NaN"
098101,Loading /autofs/space/transcend/MEG/AttenVis/098101/visit_20200229/098101_AttenVis_run02_behaviour.mat
098101,No missing values in RT
098101,Loading /autofs/space/transcend/MEG/AttenVis/098101/visit_20200229/098101_AttenVis_run03_behaviour.mat
098101,No missing values in RT
098501,Loading /autofs/space/transcend/MEG/AttenVis/098501/visit_20200312/098501_AttenVis_run01_behaviour.mat
098501,No missing values in RT
098501,Loading /autofs/space/transcend/MEG/AttenVis/098501/visit_20200312/098501_AttenVis_run02_behaviour.mat
098501,No missing values in RT
098501,Loading /autofs/space/transcend/MEG/AttenVis/098501/visit_20200312/098501_AttenVis_run03_behaviour.mat
098501,No missing values in RT
101901,Loading /autofs/space/transcend/MEG/AttenVis/101901/visit_20190411/101901_AttenVis_run01_behaviour.mat
101901,No missing values in RT
101901,Loading /autofs/space/transcend/MEG/AttenVis/101901/visit_20190411/101901_AttenVis_run02_behaviour.mat
101901,No missing values in RT
101901,Loading /autofs/space/transcend/MEG/AttenVis/101901/visit_20190411/101901_AttenVis_run03_behaviour.mat
101901,No missing values in RT
102001,Loading /autofs/space/transcend/MEG/AttenVis/102001/visit_20190401/102001_AttenVis_run01_behaviour.mat
102001,No missing values in RT
102001,Loading /autofs/space/transcend/MEG/AttenVis/102001/visit_20190401/102001_AttenVis_run02_behaviour.mat
102001,No missing values in RT
102001,Loading /autofs/space/transcend/MEG/AttenVis/102001/visit_20190401/102001_AttenVis_run03_behaviour.mat
102001,No missing values in RT
102201,Loading /autofs/space/transcend/MEG/AttenVis/102201/visit_20190318/102201_AttenVis_run01_behaviour.mat
102201,No missing values in RT
102201,Loading /autofs/space/transcend/MEG/AttenVis/102201/visit_20190318/102201_AttenVis_run02_behaviour.mat
102201,No missing values in RT
102201,Loading /autofs/space/transcend/MEG/AttenVis/102201/visit_20190318/102201_AttenVis_run03_behaviour.mat
102201,No missing values in RT
102901,Loading /autofs/space/transcend/MEG/AttenVis/102901/visit_20190606/102901_AttenVis_run01_behaviour.mat
102901,No missing values in RT
102901,Loading /autofs/space/transcend/MEG/AttenVis/102901/visit_20190606/102901_AttenVis_run02_behaviour.mat
102901,No missing values in RT
102901,Loading /autofs/space/transcend/MEG/AttenVis/102901/visit_20190606/102901_AttenVis_run03_behaviour.mat
102901,No missing values in RT
103001,Loading /autofs/space/transcend/MEG/AttenVis/103001/visit_20190805/103001_AttenVis_run01_behaviour.mat
103001,No missing values in RT
103001,Loading /autofs/space/transcend/MEG/AttenVis/103001/visit_20190805/103001_AttenVis_run02_behaviour.mat
103001,No missing values in RT
103001,Loading /autofs/space/transcend/MEG/AttenVis/103001/visit_20190805/103001_AttenVis_run03_behaviour.mat
103001,No missing values in RT
103101,Loading /autofs/space/transcend/MEG/AttenVis/103101/visit_20191115/103101_AttenVis_run01_behaviour.mat
103101,No missing values in RT
103101,Loading /autofs/space/transcend/MEG/AttenVis/103101/visit_20191115/103101_AttenVis_run02_behaviour.mat
103101,No missing values in RT
103101,Loading /autofs/space/transcend/MEG/AttenVis/103101/visit_20191115/103101_AttenVis_run03_behaviour.mat
103101,No missing values in RT
103301,Loading /autofs/space/transcend/MEG/AttenVis/103301/visit_20190625/103301_AttenVis_run01_behaviour.mat
103301,No missing values in RT
103301,Loading /autofs/space/transcend/MEG/AttenVis/103301/visit_20190625/103301_AttenVis_run02_behaviour.mat
103301,No missing values in RT
103301,Loading /autofs/space/transcend/MEG/AttenVis/103301/visit_20190625/103301_AttenVis_run03_behaviour.mat
103301,No missing values in RT
103301,Loading /autofs/space/transcend/MEG/AttenVis/103301/visit_20190625/103301_AttenVis_run04_behaviour.mat
103301,No missing values in RT
103301,Loading /autofs/space/transcend/MEG/AttenVis/103301/visit_20190625/103301_AttenVis_run05_behaviour.mat
103301,No missing values in RT
103301,Loading /autofs/space/transcend/MEG/AttenVis/103301/visit_20190625/103301_AttenVis_run06_behaviour.mat
103301,No missing values in RT
103501,Loading /autofs/space/transcend/MEG/AttenVis/103501/visit_20191212/103501_AttenVis_run01_behaviour.mat
103501,No missing values in RT
103501,Loading /autofs/space/transcend/MEG/AttenVis/103501/visit_20191212/103501_AttenVis_run02_behaviour.mat
103501,No missing values in RT
103501,Loading /autofs/space/transcend/MEG/AttenVis/103501/visit_20191212/103501_AttenVis_run03_behaviour.mat
103501,No missing values in RT
104001,Loading /autofs/space/transcend/MEG/AttenVis/104001/visit_20200210/104001_AttenVis_run01_behaviour.mat
104001,No missing values in RT
104001,Loading /autofs/space/transcend/MEG/AttenVis/104001/visit_20200210/104001_AttenVis_run02_behaviour.mat
104001,No missing values in RT
104001,Loading /autofs/space/transcend/MEG/AttenVis/104001/visit_20200210/104001_AttenVis_run03_behaviour.mat
104001,No missing values in RT
104101,Loading /autofs/space/transcend/MEG/AttenVis/104101/visit_20200309/104101_AttenVis_run01_behaviour.mat
104101,No missing values in RT
104101,Loading /autofs/space/transcend/MEG/AttenVis/104101/visit_20200309/104101_AttenVis_run02_behaviour.mat
104101,No missing values in RT
104101,Loading /autofs/space/transcend/MEG/AttenVis/104101/visit_20200309/104101_AttenVis_run03_behaviour.mat
104101,No missing values in RT
104901,Loading /autofs/space/transcend/MEG/AttenVis/104901/visit_20210605/104901_AttenVis_run01_behaviour.mat
104901,No missing values in RT
104901,Loading /autofs/space/transcend/MEG/AttenVis/104901/visit_20210605/104901_AttenVis_run02_behaviour.mat
104901,No missing values in RT
104901,Loading /autofs/space/transcend/MEG/AttenVis/104901/visit_20210605/104901_AttenVis_run03_behaviour.mat
104901,No missing values in RT
105401,Loading /autofs/space/transcend/MEG/AttenVis/105401/visit_20210819/105401_AttenVis_run01_behaviour.mat
105401,No missing values in RT
105401,Loading /autofs/space/transcend/MEG/AttenVis/105401/visit_20210819/105401_AttenVis_run02_behaviour.mat
105401,No missing values in RT
105401,Loading /autofs/space/transcend/MEG/AttenVis/105401/visit_20210819/105401_AttenVis_run03_behaviour.mat
105401,No missing values in RT
106201,Loading /autofs/space/transcend/MEG/AttenVis/106201/visit_20210614/106201_AttenVis_run01_behaviour.mat
106201,No missing values in RT
106201,Loading /autofs/space/transcend/MEG/AttenVis/106201/visit_20210614/106201_AttenVis_run02_behaviour.mat
106201,No missing values in RT
106201,Loading /autofs/space/transcend/MEG/AttenVis/106201/visit_20210614/106201_AttenVis_run03_behaviour.mat
106201,No missing values in RT
106501,Loading /autofs/space/transcend/MEG/AttenVis/106501/visit_20210429/106501_AttenVis_run01_behaviour.mat
106501,No missing values in RT
106501,Loading /autofs/space/transcend/MEG/AttenVis/106501/visit_20210429/106501_AttenVis_run02_behaviour.mat
106501,No missing values in RT
106501,Loading /autofs/space/transcend/MEG/AttenVis/106501/visit_20210429/106501_AttenVis_run03_behaviour.mat
106501,No missing values in RT
108201,Loading /autofs/space/transcend/MEG/AttenVis/108201/visit_20211201/108201_AttenVis_run01_behaviour.mat
108201,No missing values in RT
108201,Loading /autofs/space/transcend/MEG/AttenVis/108201/visit_20211201/108201_AttenVis_run02_behaviour.mat
108201,No missing values in RT
108201,Loading /autofs/space/transcend/MEG/AttenVis/108201/visit_20211201/108201_AttenVis_run03_behaviour.mat
108201,No missing values in RT
109101,Loading /autofs/space/transcend/MEG/AttenVis/109101/visit_20220808/109101_AttenVis_run01_behaviour.mat
109101,No missing values in RT
109101,Loading /autofs/space/transcend/MEG/AttenVis/109101/visit_20220808/109101_AttenVis_run02_behaviour.mat
109101,No missing values in RT
109101,Loading /autofs/space/transcend/MEG/AttenVis/109101/visit_20220808/109101_AttenVis_run03_behaviour.mat
109101,No missing values in RT
109201,Loading /autofs/space/transcend/MEG/AttenVis/109201/visit_20220617/109201_AttenVis_run01_behaviour.mat
109201,No missing values in RT
109201,Loading /autofs/space/transcend/MEG/AttenVis/109201/visit_20220617/109201_AttenVis_run02_behaviour.mat
109201,No missing values in RT
109201,Loading /autofs/space/transcend/MEG/AttenVis/109201/visit_20220617/109201_AttenVis_run03_behaviour.mat
109201,No missing values in RT
109501,Loading /autofs/space/transcend/MEG/AttenVis/109501/visit_20220819/109501_AttenVis_run01_behaviour.mat
109501,No missing values in RT
109501,Loading /autofs/space/transcend/MEG/AttenVis/109501/visit_20220819/109501_AttenVis_run02_behaviour.mat
109501,No missing values in RT
109501,Loading /autofs/space/transcend/MEG/AttenVis/109501/visit_20220819/109501_AttenVis_run03_behaviour.mat
109501,No missing values in RT
109501,Loading /autofs/space/transcend/MEG/AttenVis/109501/visit_20220819/109501_AttenVis_run04_behaviour.mat
109501,No missing values in RT
109701,Loading /autofs/space/transcend/MEG/AttenVis/109701/visit_20220817/109701_AttenVis_run01_behaviour.mat
109701,No missing values in RT
109701,Loading /autofs/space/transcend/MEG/AttenVis/109701/visit_20220817/109701_AttenVis_run02_behaviour.mat
109701,No missing values in RT
109701,Loading /autofs/space/transcend/MEG/AttenVis/109701/visit_20220817/109701_AttenVis_run03_behaviour.mat
109701,No missing values in RT
110101,Loading /autofs/space/transcend/MEG/AttenVis/110101/visit_20220930/110101_AttenVis_run01_behaviour.mat
110101,No missing values in RT
110101,Loading /autofs/space/transcend/MEG/AttenVis/110101/visit_20220930/110101_AttenVis_run02_behaviour.mat
110101,No missing values in RT
110101,Loading /autofs/space/transcend/MEG/AttenVis/110101/visit_20220930/110101_AttenVis_run03_behaviour.mat
110101,No missing values in RT
110501,Loading /autofs/space/transcend/MEG/AttenVis/110501/visit_20221017/110501_AttenVis_run01_behaviour.mat
110501,No missing values in RT
110501,Loading /autofs/space/transcend/MEG/AttenVis/110501/visit_20221017/110501_AttenVis_run02_behaviour.mat
110501,No missing values in RT
110501,Loading /autofs/space/transcend/MEG/AttenVis/110501/visit_20221017/110501_AttenVis_run03_behaviour.mat
110501,No missing values in RT
110501,Loading /autofs/space/transcend/MEG/AttenVis/110501/visit_20221017/110501_AttenVis_run04_behaviour.mat
110501,No missing values in RT
111401,Loading /autofs/space/transcend/MEG/AttenVis/111401/visit_20230715/111401_AttenVis_run01_behaviour.mat
111401,No missing values in RT
111401,Loading /autofs/space/transcend/MEG/AttenVis/111401/visit_20230715/111401_AttenVis_run02_behaviour.mat
111401,No missing values in RT
111401,Loading /autofs/space/transcend/MEG/AttenVis/111401/visit_20230715/111401_AttenVis_run03_behaviour.mat
111401,No missing values in RT
113201,Loading /autofs/space/transcend/MEG/AttenVis/113201/visit_20230804/113201_AttenVis_run01_behaviour.mat
113201,No missing values in RT
113201,Loading /autofs/space/transcend/MEG/AttenVis/113201/visit_20230804/113201_AttenVis_run02_behaviour.mat
113201,No missing values in RT
113201,Loading /autofs/space/transcend/MEG/AttenVis/113201/visit_20230804/113201_AttenVis_run03_behaviour.mat
113201,No missing values in RT
113301,Loading /autofs/space/transcend/MEG/AttenVis/113301/visit_20230619/113301_AttenVis_run01_behaviour.mat
113301,No missing values in RT
113301,Loading /autofs/space/transcend/MEG/AttenVis/113301/visit_20230619/113301_AttenVis_run02_behaviour.mat
113301,No missing values in RT
113301,Loading /autofs/space/transcend/MEG/AttenVis/113301/visit_20230619/113301_AttenVis_run03_behaviour.mat
113301,No missing values in RT
114001,Loading /autofs/space/transcend/MEG/AttenVis/114001/visit_20230612/114001_AttenVis_run01_behaviour.mat
114001,"   event_name  condition  response first_condition first_response Condition difficulty  RT  correct
16     target        NaN     0.168                           left                 None NaN        1
18     target        NaN     0.075                          right                 None NaN        1
30     target        NaN     0.081                           left                 None NaN        1"
114001,Loading /autofs/space/transcend/MEG/AttenVis/114001/visit_20230612/114001_AttenVis_run02_behaviour.mat
114001,No missing values in RT
114001,Loading /autofs/space/transcend/MEG/AttenVis/114001/visit_20230612/114001_AttenVis_run03_behaviour.mat
114001,No missing values in RT
114501,Loading /autofs/space/transcend/MEG/AttenVis/114501/visit_20230621/114501_AttenVis_run01_behaviour.mat
114501,No missing values in RT
114501,Loading /autofs/space/transcend/MEG/AttenVis/114501/visit_20230621/114501_AttenVis_run02_behaviour.mat
114501,No missing values in RT
114501,Loading /autofs/space/transcend/MEG/AttenVis/114501/visit_20230621/114501_AttenVis_run03_behaviour.mat
114501,No missing values in RT
114601,Loading /autofs/space/transcend/MEG/AttenVis/114601/visit_20230818/114601_AttenVis_run01_behaviour.mat
114601,No missing values in RT
114601,Loading /autofs/space/transcend/MEG/AttenVis/114601/visit_20230818/114601_AttenVis_run02_behaviour.mat
114601,No missing values in RT
114601,Loading /autofs/space/transcend/MEG/AttenVis/114601/visit_20230818/114601_AttenVis_run03_behaviour.mat
114601,No missing values in RT
116201,Loading /autofs/space/transcend/MEG/AttenVis/116201/visit_20230719/116201_AttenVis_run01_behaviour.mat
116201,No missing values in RT
116201,Loading /autofs/space/transcend/MEG/AttenVis/116201/visit_20230719/116201_AttenVis_run02_behaviour.mat
116201,No missing values in RT
116201,Loading /autofs/space/transcend/MEG/AttenVis/116201/visit_20230719/116201_AttenVis_run03_behaviour.mat
116201,No missing values in RT
116301,Loading /autofs/space/transcend/MEG/AttenVis/116301/visit_20230714/116301_AttenVis_run01_behaviour.mat
116301,No missing values in RT
116301,Loading /autofs/space/transcend/MEG/AttenVis/116301/visit_20230714/116301_AttenVis_run02_behaviour.mat
116301,No missing values in RT
116301,Loading /autofs/space/transcend/MEG/AttenVis/116301/visit_20230714/116301_AttenVis_run03_behaviour.mat
116301,No missing values in RT
120001,Loading /autofs/space/transcend/MEG/AttenVis/120001/visit_20230929/120001_AttenVis_run01_behaviour.mat
120001,No missing values in RT
120001,Loading /autofs/space/transcend/MEG/AttenVis/120001/visit_20230929/120001_AttenVis_run02_behaviour.mat
120001,No missing values in RT
120001,Loading /autofs/space/transcend/MEG/AttenVis/120001/visit_20230929/120001_AttenVis_run03_behaviour.mat
120001,No missing values in RT
121201,Loading /autofs/space/transcend/MEG/AttenVis/121201/visit_20230807/121201_AttenVis_run01_behaviour.mat
121201,No missing values in RT
121201,Loading /autofs/space/transcend/MEG/AttenVis/121201/visit_20230807/121201_AttenVis_run02_behaviour.mat
121201,No missing values in RT
121201,Loading /autofs/space/transcend/MEG/AttenVis/121201/visit_20230807/121201_AttenVis_run03_behaviour.mat
121201,No missing values in RT
122501,Loading /autofs/space/transcend/MEG/AttenVis/122501/visit_20230828/122501_AttenVis_run01_behaviour.mat
122501,No missing values in RT
122501,Loading /autofs/space/transcend/MEG/AttenVis/122501/visit_20230828/122501_AttenVis_run02_behaviour.mat
122501,No missing values in RT
122501,Loading /autofs/space/transcend/MEG/AttenVis/122501/visit_20230828/122501_AttenVis_run03_behaviour.mat
122501,No missing values in RT
124101,Loading /autofs/space/transcend/MEG/AttenVis/124101/visit_20231027/124101_AttenVis_run01_behaviour.mat
124101,No missing values in RT
124101,Loading /autofs/space/transcend/MEG/AttenVis/124101/visit_20231027/124101_AttenVis_run02_behaviour.mat
124101,No missing values in RT
124101,Loading /autofs/space/transcend/MEG/AttenVis/124101/visit_20231027/124101_AttenVis_run03_behaviour.mat
124101,No missing values in RT
125701,Loading /autofs/space/transcend/MEG/AttenVis/125701/visit_20231101/125701_AttenVis_run01_behaviour.mat
125701,No missing values in RT
125701,Loading /autofs/space/transcend/MEG/AttenVis/125701/visit_20231101/125701_AttenVis_run02_behaviour.mat
125701,No missing values in RT
125701,Loading /autofs/space/transcend/MEG/AttenVis/125701/visit_20231101/125701_AttenVis_run03_behaviour.mat
125701,No missing values in RT
126701,Loading /autofs/space/transcend/MEG/AttenVis/126701/visit_20231030/126701_AttenVis_run01_behaviour.mat
126701,No missing values in RT
126701,Loading /autofs/space/transcend/MEG/AttenVis/126701/visit_20231030/126701_AttenVis_run02_behaviour.mat
126701,No missing values in RT
126701,Loading /autofs/space/transcend/MEG/AttenVis/126701/visit_20231030/126701_AttenVis_run03_behaviour.mat
126701,No missing values in RT
127401,Loading /autofs/space/transcend/MEG/AttenVis/127401/visit_20231103/127401_AttenVis_run01_behaviour.mat
127401,No missing values in RT
127401,Loading /autofs/space/transcend/MEG/AttenVis/127401/visit_20231103/127401_AttenVis_run02_behaviour.mat
127401,No missing values in RT
127401,Loading /autofs/space/transcend/MEG/AttenVis/127401/visit_20231103/127401_AttenVis_run03_behaviour.mat
127401,No missing values in RT
127601,Loading /autofs/space/transcend/MEG/AttenVis/127601/visit_20231025/127601_AttenVis_run01_behaviour.mat
127601,No missing values in RT
127601,Loading /autofs/space/transcend/MEG/AttenVis/127601/visit_20231025/127601_AttenVis_run02_behaviour.mat
127601,No missing values in RT
127601,Loading /autofs/space/transcend/MEG/AttenVis/127601/visit_20231025/127601_AttenVis_run03_behaviour.mat
127601,No missing values in RT
127801,Loading /autofs/space/transcend/MEG/AttenVis/127801/visit_20240225/127801_AttenVis_run01_behaviour.mat
127801,No missing values in RT
127801,Loading /autofs/space/transcend/MEG/AttenVis/127801/visit_20240225/127801_AttenVis_run02_behaviour.mat
127801,No missing values in RT
127801,Loading /autofs/space/transcend/MEG/AttenVis/127801/visit_20240225/127801_AttenVis_run03_behaviour.mat
127801,No missing values in RT
130001,Loading /autofs/space/transcend/MEG/AttenVis/130001/visit_20240123/130001_AttenVis_run01_behaviour.mat
130001,No missing values in RT
130001,Loading /autofs/space/transcend/MEG/AttenVis/130001/visit_20240123/130001_AttenVis_run02_behaviour.mat
130001,No missing values in RT
130001,Loading /autofs/space/transcend/MEG/AttenVis/130001/visit_20240123/130001_AttenVis_run03_behaviour.mat
130001,No missing values in RT
130901,Loading /autofs/space/transcend/MEG/AttenVis/130901/visit_20240229/130901_AttenVis_run01_behaviour.mat
130901,No missing values in RT
130901,Loading /autofs/space/transcend/MEG/AttenVis/130901/visit_20240229/130901_AttenVis_run02_behaviour.mat
130901,No missing values in RT
130901,Loading /autofs/space/transcend/MEG/AttenVis/130901/visit_20240229/130901_AttenVis_run03_behaviour.mat
130901,No missing values in RT
132901,Loading /autofs/space/transcend/MEG/AttenVis/132901/visit_20240316/132901_AttenVis_run01_behaviour.mat
132901,No missing values in RT
132901,Loading /autofs/space/transcend/MEG/AttenVis/132901/visit_20240316/132901_AttenVis_run02_behaviour.mat
132901,No missing values in RT
132901,Loading /autofs/space/transcend/MEG/AttenVis/132901/visit_20240316/132901_AttenVis_run03_behaviour.mat
132901,No missing values in RT
133101,Loading /autofs/space/transcend/MEG/AttenVis/133101/visit_20240314/133101_AttenVis_run01_behaviour.mat
133101,No missing values in RT
133101,Loading /autofs/space/transcend/MEG/AttenVis/133101/visit_20240314/133101_AttenVis_run02_behaviour.mat
133101,No missing values in RT
133101,Loading /autofs/space/transcend/MEG/AttenVis/133101/visit_20240314/133101_AttenVis_run03_behaviour.mat
133101,No missing values in RT
135201,Loading /autofs/space/transcend/MEG/AttenVis/135201/visit_20240405/135201_AttenVis_run01_behaviour.mat
135201,No missing values in RT
135201,Loading /autofs/space/transcend/MEG/AttenVis/135201/visit_20240405/135201_AttenVis_run02_behaviour.mat
135201,No missing values in RT
135201,Loading /autofs/space/transcend/MEG/AttenVis/135201/visit_20240405/135201_AttenVis_run03_behaviour.mat
135201,No missing values in RT
135501,Loading /autofs/space/transcend/MEG/AttenVis/135501/visit_20240412/135501_AttenVis_run01_behaviour.mat
135501,No missing values in RT
135501,Loading /autofs/space/transcend/MEG/AttenVis/135501/visit_20240412/135501_AttenVis_run02_behaviour.mat
135501,No missing values in RT
135501,Loading /autofs/space/transcend/MEG/AttenVis/135501/visit_20240412/135501_AttenVis_run03_behaviour.mat
135501,No missing values in RT
136701,Loading /autofs/space/transcend/MEG/AttenVis/136701/visit_20240610/136701_AttenVis_run01_behaviour.mat
136701,No missing values in RT
136701,Loading /autofs/space/transcend/MEG/AttenVis/136701/visit_20240610/136701_AttenVis_run02_behaviour.mat
136701,No missing values in RT
136701,Loading /autofs/space/transcend/MEG/AttenVis/136701/visit_20240610/136701_AttenVis_run03_behaviour.mat
136701,No missing values in RT
136901,Loading /autofs/space/transcend/MEG/AttenVis/136901/visit_20240410/136901_AttenVis_run01_behaviour.mat
136901,No missing values in RT
136901,Loading /autofs/space/transcend/MEG/AttenVis/136901/visit_20240410/136901_AttenVis_run02_behaviour.mat
136901,No missing values in RT
136901,Loading /autofs/space/transcend/MEG/AttenVis/136901/visit_20240410/136901_AttenVis_run03_behaviour.mat
136901,No missing values in RT
137101,Loading /autofs/space/transcend/MEG/AttenVis/137101/visit_20240329/137101_AttenVis_run01_behaviour.mat
137101,No missing values in RT
137101,Loading /autofs/space/transcend/MEG/AttenVis/137101/visit_20240329/137101_AttenVis_run02_behaviour.mat
137101,No missing values in RT
137101,Loading /autofs/space/transcend/MEG/AttenVis/137101/visit_20240329/137101_AttenVis_run03_behaviour.mat
137101,No missing values in RT
137501,Loading /autofs/space/transcend/MEG/AttenVis/137501/visit_20240507/137501_AttenVis_run01_behaviour.mat
137501,No missing values in RT
137501,Loading /autofs/space/transcend/MEG/AttenVis/137501/visit_20240507/137501_AttenVis_run02_behaviour.mat
137501,No missing values in RT
137501,Loading /autofs/space/transcend/MEG/AttenVis/137501/visit_20240507/137501_AttenVis_run03_behaviour.mat
137501,No missing values in RT
139501,Loading /autofs/space/transcend/MEG/AttenVis/139501/visit_20240611/139501_AttenVis_run01_behaviour.mat
139501,No missing values in RT
139501,Loading /autofs/space/transcend/MEG/AttenVis/139501/visit_20240611/139501_AttenVis_run02_behaviour.mat
139501,No missing values in RT
139501,Loading /autofs/space/transcend/MEG/AttenVis/139501/visit_20240611/139501_AttenVis_run03_behaviour.mat
139501,No missing values in RT
139801,Loading /autofs/space/transcend/MEG/AttenVis/139801/visit_20240724/139801_AttenVis_run01_behaviour.mat
139801,No missing values in RT
139801,Loading /autofs/space/transcend/MEG/AttenVis/139801/visit_20240724/139801_AttenVis_run02_behaviour.mat
139801,No missing values in RT
139801,Loading /autofs/space/transcend/MEG/AttenVis/139801/visit_20240724/139801_AttenVis_run03_behaviour.mat
139801,No missing values in RT
140101,Loading /autofs/space/transcend/MEG/AttenVis/140101/visit_20240802/140101_AttenVis_run01_behaviour.mat
140101,No missing values in RT
140101,Loading /autofs/space/transcend/MEG/AttenVis/140101/visit_20240802/140101_AttenVis_run02_behaviour.mat
140101,No missing values in RT
140101,Loading /autofs/space/transcend/MEG/AttenVis/140101/visit_20240802/140101_AttenVis_run03_behaviour.mat
140101,No missing values in RT
140401,Loading /autofs/space/transcend/MEG/AttenVis/140401/visit_20240723/140401_AttenVis_run01_behaviour.mat
140401,No missing values in RT
140401,Loading /autofs/space/transcend/MEG/AttenVis/140401/visit_20240723/140401_AttenVis_run02_behaviour.mat
140401,No missing values in RT
140401,Loading /autofs/space/transcend/MEG/AttenVis/140401/visit_20240723/140401_AttenVis_run03_behaviour.mat
140401,No missing values in RT
140601,Loading /autofs/space/transcend/MEG/AttenVis/140601/visit_20240602/140601_AttenVis_run01_behaviour.mat
140601,No missing values in RT
140601,Loading /autofs/space/transcend/MEG/AttenVis/140601/visit_20240602/140601_AttenVis_run02_behaviour.mat
140601,No missing values in RT
140601,Loading /autofs/space/transcend/MEG/AttenVis/140601/visit_20240602/140601_AttenVis_run03_behaviour.mat
140601,No missing values in RT
142001,Loading /autofs/space/transcend/MEG/AttenVis/142001/visit_20240805/142001_AttenVis_run01_behaviour.mat
142001,No missing values in RT
142001,Loading /autofs/space/transcend/MEG/AttenVis/142001/visit_20240805/142001_AttenVis_run02_behaviour.mat
142001,No missing values in RT
142001,Loading /autofs/space/transcend/MEG/AttenVis/142001/visit_20240805/142001_AttenVis_run03_behaviour.mat
142001,No missing values in RT
143701,Loading /autofs/space/transcend/MEG/AttenVis/143701/visit_20240916/143701_AttenVis_run01_behaviour.mat
143701,No missing values in RT
143701,Loading /autofs/space/transcend/MEG/AttenVis/143701/visit_20240916/143701_AttenVis_run02_behaviour.mat
143701,No missing values in RT
143701,Loading /autofs/space/transcend/MEG/AttenVis/143701/visit_20240916/143701_AttenVis_run03_behaviour.mat
143701,No missing values in RT
143901,Loading /autofs/space/transcend/MEG/AttenVis/143901/visit_20240823/143901_AttenVis_run01_behaviour.mat
143901,No missing values in RT
143901,Loading /autofs/space/transcend/MEG/AttenVis/143901/visit_20240823/143901_AttenVis_run02_behaviour.mat
143901,No missing values in RT
143901,Loading /autofs/space/transcend/MEG/AttenVis/143901/visit_20240823/143901_AttenVis_run03_behaviour.mat
143901,No missing values in RT
148501,Loading /autofs/space/transcend/MEG/AttenVis/148501/visit_20250207/148501_AttenVis_run01_behaviour.mat
148501,No missing values in RT
148501,Loading /autofs/space/transcend/MEG/AttenVis/148501/visit_20250207/148501_AttenVis_run02_behaviour.mat
148501,No missing values in RT
148501,Loading /autofs/space/transcend/MEG/AttenVis/148501/visit_20250207/148501_AttenVis_run03_behaviour.mat
148501,No missing values in RT
149701,Loading /autofs/space/transcend/MEG/AttenVis/149701/visit_20250106/149701_AttenVis_run01_behaviour.mat
149701,No missing values in RT
149701,Loading /autofs/space/transcend/MEG/AttenVis/149701/visit_20250106/149701_AttenVis_run02_behaviour.mat
149701,No missing values in RT
149701,Loading /autofs/space/transcend/MEG/AttenVis/149701/visit_20250106/149701_AttenVis_run03_behaviour.mat
149701,No missing values in RT
150701,Loading /autofs/space/transcend/MEG/AttenVis/150701/visit_20250107/150701_AttenVis_run01_behaviour.mat
150701,No missing values in RT
150701,Loading /autofs/space/transcend/MEG/AttenVis/150701/visit_20250107/150701_AttenVis_run02_behaviour.mat
150701,No missing values in RT
150701,Loading /autofs/space/transcend/MEG/AttenVis/150701/visit_20250107/150701_AttenVis_run03_behaviour.mat
150701,No missing values in RT
